Feature,Importance
RnMax_mean,0.24313143042859964
NDVI_mean,0.23485687199898447
Elev_mean,0.23170009007503983
Asp_mean,0.15652310473098807
Slope_mean,0.13378850276638793
