Feature,Importance
RnMax_mean,0.26537055726548525
Elev_mean,0.23670046731701755
NDVI_mean,0.19756481637845796
Slope_mean,0.1726068653621121
Asp_mean,0.12775729367692729
