Feature,Importance
NDVI_mean,0.22403450601117228
Elev_mean,0.21662691349775537
RnMax_mean,0.20783986351289546
Asp_mean,0.1781057963618166
Slope_mean,0.17339292061636036
