Feature,Importance
RnMax_mean,0.25545423742753326
NDVI_mean,0.22536362091460926
Elev_mean,0.1802411958634837
Slope_mean,0.1778715431465059
Asp_mean,0.16106940264786787
