Feature,Importance
RnMax_mean,0.27002428195468453
NDVI_mean,0.219422028554416
Slope_mean,0.18209984206670837
Elev_mean,0.18147205730335889
Asp_mean,0.14698179012083218
